{"cameraMode":{"drawMode":0,"name":"Shaded","section":"Shading Mode"},"sceneLighting":true,"audioPlay":false,"sceneViewState":{"m_AlwaysRefresh":false,"showFog":true,"showSkybox":true,"showFlares":true,"showImageEffects":true,"showParticleSystems":true,"showVisualEffectGraphs":true,"m_FxEnabled":true},"in2DMode":false,"pivot":{"x":-2.0475716590881349,"y":1.1203217506408692,"z":0.9758040904998779},"rotation":{"x":0.0016629090532660485,"y":-0.6834213137626648,"z":-0.0004275958053767681,"w":-0.7301652431488037},"size":0.5015941858291626,"orthographic":false}