{"cameraMode":{"drawMode":0,"name":"Shaded","section":"Shading Mode"},"sceneLighting":true,"audioPlay":false,"sceneViewState":{"m_AlwaysRefresh":false,"showFog":true,"showSkybox":true,"showFlares":true,"showImageEffects":true,"showParticleSystems":true,"showVisualEffectGraphs":true,"m_FxEnabled":true},"in2DMode":false,"pivot":{"x":0.26012006402015688,"y":1.7154511213302613,"z":1.3510282039642335},"rotation":{"x":0.015484115108847618,"y":-0.9844194054603577,"z":0.11451257765293122,"w":0.13280858099460603},"size":0.5015941858291626,"orthographic":false}